Business Name,Address1,City,State,ZIP,Phone,Category
ILIEV ELECTRIC,68 West St,Newton,MA,02458,617 949-9965,Electrician
Jason Albano Lawn Care,209 Derby St,Newton,MA,02465,781 697-5654,Landscaping
C and C Landscaping,14 Lake St,Billerica,MA,01821,978 930-9671,Landscaping
Chris Landscape LLC,7 Pathwoods Ave,Burlington,MA,01803,603 820-5926,Landscaping
Contreras Landscaping,49 Hayes St,Framingham,MA,01702,508 308-0192,Landscaping
Greggs Auto Repair,100 Chelmsford St,Chelmsford,MA,01824,978 304-2370,Auto Repair
Montvale Auto Care,317 Montvale Ave,Woburn,MA,01801,781 932-1111,Auto Repair
Tech Auto Service,5 Walnut Hill Park,Woburn,MA,01801,781 933-8084,Auto Repair
Central Automotive Repair,615 Old Connecticut Path,Framingham,MA,01701,508 877-2876,Auto Repair
CM Electrical Services,116 Russell Rd,Framingham,MA,01702,508 740-6688,Electrician
Drain and Heating Solutions,5 Sullivan St,Burlington,MA,01803,781 362-4775,Plumbing
C and M Handyman,99 Chelmsford Rd,North Billerica,MA,01862,978 608-8168,Handyman
At Your Service,14 Marion St,Chelmsford,MA,01824,978 375-4330,Handyman
Universe RE Handyman,6 Kimball Ct,Woburn,MA,01801,978 305-8725,Handyman
Finnegan and Sons,364 Main St,Reading,MA,01867,781 315-2865,Handyman
Hollis Handyman,53 Hollis St,Framingham,MA,01702,508 436-4672,Handyman
J and J Handyman,84 Lowell St,Burlington,MA,01803,508 922-7784,Handyman
RYCJ Construction,69 School St,Lowell,MA,01854,978 221-1415,Handyman
Hyannis Pro Carpentry,459 Beacon St,Lowell,MA,01850,508 524-5828,Handyman
Mr Fix It,41 Primrose Hill Rd,Dracut,MA,01826,978 957-7954,Handyman
Martys Landscaping,167 Stedman St,Lowell,MA,01851,978 454-0100,Landscaping
St Patrick Landscaping,625 Bridge St,Lowell,MA,01850,978 259-5653,Landscaping
All American Landscaping,18 Arthur Ave,Dracut,MA,01826,978 853-0950,Landscaping
John K Young Landscaping,820 Livingston St,Tewksbury,MA,01876,978 458-3266,Landscaping
DeLuca Landscaping,115 W Central St,Natick,MA,01760,508 651-1480,Landscaping
Lowell Fence Co,32 Sidney St,Lowell,MA,01852,978 459-0142,Fencing
M and C Fence,122 Bridle Rd,Billerica,MA,01821,978 715-5353,Fencing
Paramount Plus Cleaners,7 Summer St,Chelmsford,MA,01824,978 256-3322,Carpet Cleaning
High Tech Auto Repairs,109 Industrial Ave E,Lowell,MA,01852,978 459-2400,Auto Repair
Dutton Street Auto,215 Western Ave,Lowell,MA,01851,978 677-0814,Auto Repair
Bokor Auto Center,31 Dix St,Lowell,MA,01852,978 459-8121,Auto Repair
Christos Automotive,197 Oak St,Natick,MA,01760,508 653-7794,Auto Repair
Natick Gas Auto Repair,225 N Main St,Natick,MA,01760,508 653-9793,Auto Repair
Expert Auto Repair,667 Farm Rd,Marlborough,MA,01752,508 305-2824,Auto Repair
Harlens Auto Center,492 South St,Marlborough,MA,01752,508 481-5979,Auto Repair
USA Auto Repair,267 Maple St,Marlborough,MA,01752,508 904-3311,Auto Repair
B and B Auto Inc,51 Lacombe St,Marlborough,MA,01752,508 485-5779,Auto Repair
Stellas Automotive,1049 Main St,Tewksbury,MA,01876,978 640-3992,Auto Repair
Tewksbury Auto Service,663 Main St,Tewksbury,MA,01876,978 848-1757,Auto Repair
On Call Electric,61 Emmett St,Marlborough,MA,01752,,Electrician
E. Sousa Electric,40 Florence St,Marlborough,MA,01752,508 480-5578,Electrician
Lacerra Plumbing,217 Hartford St,Natick,MA,01760,508 962-0343,Plumbing
Expert Painting Co,10 Southgate Rd,Chelmsford,MA,01824,978 314-6757,Painting
Affordable Painting,15 Passaconaway Dr,Billerica,MA,01821,978 815-5035,Painting
MG Contracting,7 Conant Rd,Nashua,NH,03062,603 233-2290,Handyman
Otterson Street Auto,41 E Otterson St,Nashua,NH,03060,603 594-9008,Auto Repair
Auto Lab of Nashua,72 Chandler St,Nashua,NH,03064,603 882-2830,Auto Repair
Best Union Auto Repair,225 Silver St,Manchester,NH,03103,603 622-7990,Auto Repair
Extreme Make Over Handyman,168 Windham Rd,Pelham,NH,03076,603 818-7797,Handyman
CES Auto Repair,257 Main St,Salem,NH,03079,603 894-4883,Auto Repair
Kelly Rd Auto Repair,8 Pumping Station Rd,Salem,NH,03079,603 890-8909,Auto Repair
Don Silvas Auto Repair,6 N Main St,Salem,NH,03079,603 898-8188,Auto Repair
Acadian Handyman Services,5 Tsienneto Rd,Derry,NH,03038,978 221-9915,Handyman
SNB Remodeling,22 River Rd,Hudson,NH,03051,603 205-2269,Handyman
Handyman 911,9 Gabrielle Dr,Hudson,NH,03051,978 866-2189,Handyman
Automotive Repair Specialists,185 Lowell Rd,Hudson,NH,03051,603 880-9494,Auto Repair
Rays Repair Services,12 Gowing Rd,Hudson,NH,03051,603 889-9584,Auto Repair
The Andover Handyman,149 Shawsheen Rd,Andover,MA,01810,978 360-8156,Handyman
Boston North Handyman,94 Ballardvale Rd,Andover,MA,01810,978 494-6894,Handyman
Forever Green Landscape,114 Tewksbury St,Andover,MA,01810,978 475-0003,Landscaping
Mikes Auto Repair,11 Lupine Rd,Andover,MA,01810,978 475-2622,Auto Repair
North Andover Auto Computer,1615 Osgood St,North Andover,MA,01845,978 686-3641,Auto Repair
TJs Landscaping,59 Old Ferry Rd,Methuen,MA,01844,978 738-0692,Landscaping
Geo Landscaping,115 Center St,Methuen,MA,01844,781 469-4622,Landscaping
Fernandez Automobile Repair,27 Center St,Methuen,MA,01844,978 885-6090,Auto Repair
Johns Automobile Repair,520 Merrimack St,Methuen,MA,01844,978 681-0995,Auto Repair
JRs Handyman Services,12 Observatory Ave,Haverhill,MA,01832,978 648-4118,Handyman
Veteran Handymen,6 Bartlett St,Haverhill,MA,01832,978 476-8744,Handyman
Robertos Handyman Services,440 North Ave,Haverhill,MA,01830,978 314-6206,Handyman
Tims Tree and Landscaping,30 Old Ferry Rd,Haverhill,MA,01835,978 332-3129,Landscaping
Advanced Auto Repair,168 Old Ferry Rd,Haverhill,MA,01830,978 374-1612,Auto Repair
L and V Automotive Repair,29 Hilldale Ave,Haverhill,MA,01832,978 372-0282,Auto Repair
Odd Jobs Handyman,20 Lansdowne St,Manchester,NH,03103,603 858-5213,Handyman
Handyman Services LLC,104 Blue Ridge Rd,North Andover,MA,01845,978 807-5053,Handyman
Bottazzi DePasquale Plumbing,24 Wakefield Rd,Marlborough,MA,01752,508 626-1303,Plumbing
Belli Plumbing and Heating,24 Country Ln,Marlborough,MA,01752,508 485-0793,Plumbing
Burke Landscape LLC,20 Oakland Ave,Tewksbury,MA,01876,978 604-8483,Landscaping
Henry Pacific Plumbing,167 W Main St,Marlborough,MA,01752,508 485-5667,Plumbing
Ginos Painting,210 Boston Rd,Chelmsford,MA,01824,978 837-8344,Painting
Joe Grzasko Landscaping,26 Butler St,Salem,NH,03079,603 898-8359,Landscaping
