Business Name,Town,State,Category,Phone,Address,Has Full Address,Status
ILIEV ELECTRIC,Newton,MA,Electrician,(617) 949-9965,"68 West St, Newton MA 02458",Yes,Queue
Jason Albano Lawn Care,Newton,MA,Landscaping,(781) 697-5654,"209 Derby St, Newton MA 02465",Yes,Queue
Morrison Landscaping,Lexington,MA,Landscaping,(781) 862-1003,Lexington MA,No,Queue
Hero Roofing Company,Needham,MA,Roofing,(857) 374-3653,Needham MA,No,Queue
C&C Landscaping,Billerica,MA,Landscaping,(978) 930-9671,"14 Lake St, Billerica MA 01821",Yes,Queue
Chris' Landscape LLC,Burlington,MA,Landscaping,(603) 820-5926,"7 Pathwoods Ave, Burlington MA 01803",Yes,Queue
Contreras Landscaping,Framingham,MA,Landscaping,(508) 308-0192,"49 Hayes St, Framingham MA 01702",Yes,Queue
Gregg's Auto Repair,Chelmsford,MA,Auto Repair,(978) 304-2370,"100 Chelmsford St, Chelmsford MA 01824",Yes,Queue
Montvale Auto Care,Woburn,MA,Auto Repair,(781) 932-1111,"317 Montvale Ave, Woburn MA 01801",Yes,Queue
Tech Auto Service,Woburn,MA,Auto Repair,(781) 933-8084,"5 Walnut Hill Park, Woburn MA 01801",Yes,Queue
Central Automotive Repair,Framingham,MA,Auto Repair,(508) 877-2876,"615 Old Connecticut Path, Framingham MA 01701",Yes,Queue
CM Electrical Services,Framingham,MA,Electrician,(508) 740-6688,"116 Russell Rd, Framingham MA 01702",Yes,Queue
Drain & Heating Solutions,Burlington,MA,Plumbing,(781) 362-4775,"5 Sullivan St, Burlington MA 01803",Yes,Queue
C&M Handyman,North Billerica,MA,Handyman,(978) 608-8168,"99 Chelmsford Rd, North Billerica MA 01862",Yes,Queue
Pro Fix It Handyman,Chelmsford,MA,Handyman,(508) 574-1443,Chelmsford MA,No,Queue
At Your Service,Chelmsford,MA,Handyman,(978) 375-4330,"14 Marion St, Chelmsford MA 01824",Yes,Queue
B&R Handyman,Billerica,MA,Handyman,(617) 331-3373,Billerica MA,No,Queue
Universe RE Handyman,Woburn,MA,Handyman,(978) 305-8725,"6 Kimball Ct, Woburn MA 01801",Yes,Queue
Finnegan & Sons,Reading,MA,Handyman,(781) 315-2865,"364 Main St, Reading MA 01867",Yes,Queue
D.S. Handyman,Framingham,MA,Handyman,(774) 279-2755,Framingham MA,No,Queue
Hollis Handyman,Framingham,MA,Handyman,(508) 436-4672,"53 Hollis St, Framingham MA 01702",Yes,Queue
J&J Handyman,Burlington,MA,Handyman,(508) 922-7784,"84 Lowell St, Burlington MA 01803",Yes,Queue
Speedy Handyman,Lowell,MA,Handyman,(978) 710-0046,Lowell MA,No,Queue
RYCJ Construction,Lowell,MA,Handyman,(978) 221-1415,"69 School St, Lowell MA 01854",Yes,Queue
Hyannis Pro Carpentry,Lowell,MA,Handyman,(508) 524-5828,"459 Beacon St, Lowell MA 01850",Yes,Queue
Mr Fix It,Dracut,MA,Handyman,(978) 957-7954,"41 Primrose Hill Rd, Dracut MA 01826",Yes,Queue
Ferreira Solutions,Tewksbury,MA,Handyman,(603) 459-4850,Tewksbury MA,No,Queue
Marty's Landscaping,Lowell,MA,Landscaping,(978) 454-0100,"167 Stedman St, Lowell MA 01851",Yes,Queue
St Patrick Landscaping,Lowell,MA,Landscaping,(978) 259-5653,"625 Bridge St, Lowell MA 01850",Yes,Queue
All American Landscaping,Dracut,MA,Landscaping,(978) 853-0950,"18 Arthur Ave, Dracut MA 01826",Yes,Queue
Burke Landscape LLC,Tewksbury,MA,Landscaping,(978) 604-8483,Tewksbury MA,No,Queue
John K Young Landscaping,Tewksbury,MA,Landscaping,(978) 458-3266,"820 Livingston St, Tewksbury MA 01876",Yes,Queue
DeLuca Landscaping,Natick,MA,Landscaping,(508) 651-1480,"115 W Central St, Natick MA 01760",Yes,Queue
Lowell Fence Co,Lowell,MA,Fencing,(978) 459-0142,"32 Sidney St, Lowell MA 01852",Yes,Queue
M&C Fence,Billerica,MA,Fencing,(978) 715-5353,"122 Bridle Rd, Billerica MA 01821",Yes,Queue
Prime Carpets Cleaning,Chelmsford,MA,Carpet Cleaning,(857) 207-6809,Chelmsford MA,No,Queue
Paramount Plus Cleaners,Chelmsford,MA,Carpet Cleaning,(978) 256-3322,"7 Summer St, Chelmsford MA 01824",Yes,Queue
High Tech Auto Repairs,Lowell,MA,Auto Repair,(978) 459-2400,"109 Industrial Ave E, Lowell MA 01852",Yes,Queue
Dutton Street Auto,Lowell,MA,Auto Repair,(978) 677-0814,"215 Western Ave, Lowell MA 01851",Yes,Queue
Bokor Auto Center,Lowell,MA,Auto Repair,(978) 459-8121,"31 Dix St, Lowell MA 01852",Yes,Queue
Christo's Automotive,Natick,MA,Auto Repair,(508) 653-7794,"197 Oak St, Natick MA 01760",Yes,Queue
Natick Gas Auto Repair,Natick,MA,Auto Repair,(508) 653-9793,"225 N Main St, Natick MA 01760",Yes,Queue
Expert Auto Repair,Marlborough,MA,Auto Repair,(508) 305-2824,"667 Farm Rd, Marlborough MA 01752",Yes,Queue
Harlen's Auto Center,Marlborough,MA,Auto Repair,(508) 481-5979,"492 South St, Marlborough MA 01752",Yes,Queue
USA Auto Repair,Marlborough,MA,Auto Repair,(508) 904-3311,"267 Maple St, Marlborough MA 01752",Yes,Queue
B&B Auto Inc,Marlborough,MA,Auto Repair,(508) 485-5779,"51 Lacombe St, Marlborough MA 01752",Yes,Queue
Stella's Automotive,Tewksbury,MA,Auto Repair,(978) 640-3992,"1049 Main St, Tewksbury MA 01876",Yes,Queue
Tewksbury Auto Service,Tewksbury,MA,Auto Repair,(978) 848-1757,"663 Main St, Tewksbury MA 01876",Yes,Queue
On Call Electric,Marlborough,MA,Electrician,,"61 Emmett St, Marlborough MA 01752",Yes,Queue
E. Sousa Electric,Marlborough,MA,Electrician,(508) 480-5578,"40 Florence St, Marlborough MA 01752",Yes,Queue
Lacerra Plumbing,Natick,MA,Plumbing,(508) 962-0343,"217 Hartford St, Natick MA 01760",Yes,Queue
Henry Pacific Plumbing,Marlborough,MA,Plumbing,(508) 485-5667,Marlborough MA,No,Queue
Bottazzi DePasquale Plumbing,Marlborough,MA,Plumbing,(508) 626-1303,Marlborough MA,No,Queue
Belli Plumbing & Heating,Marlborough,MA,Plumbing,(508) 485-0793,Marlborough MA,No,Queue
Expert Painting Co,Chelmsford,MA,Painting,(978) 314-6757,"10 Southgate Rd, Chelmsford MA 01824",Yes,Queue
Gino's Painting,Chelmsford,MA,Painting,(978) 837-8344,Chelmsford MA,No,Queue
Affordable Painting,Billerica,MA,Painting,(978) 815-5035,"15 Passaconaway Dr, Billerica MA 01821",Yes,Queue
Girondi Painting,Billerica,MA,Painting,(781) 552-8611,Billerica MA,No,Queue
MG Contracting,Nashua,NH,Handyman,(603) 233-2290,"7 Conant Rd, Nashua NH 03062",Yes,Queue
Schroeder's Handyman,Nashua,NH,Handyman,(978) 967-0069,Nashua NH,No,Queue
E&R Handyman Services,Nashua,NH,Handyman,(603) 557-1259,Nashua NH,No,Queue
Otterson Street Auto,Nashua,NH,Auto Repair,(603) 594-9008,"41 E Otterson St, Nashua NH 03060",Yes,Queue
Auto Lab of Nashua,Nashua,NH,Auto Repair,(603) 882-2830,"72 Chandler St, Nashua NH 03064",Yes,Queue
Odd Jobs Handyman,Manchester,NH,Handyman,(603) 858-5213,"20 Lansdown St, Manchester NH",Yes,Queue
Handyman LLC,Manchester,NH,Handyman,(603) 800-4440,Manchester NH,No,Queue
Best Union Auto Repair,Manchester,NH,Auto Repair,(603) 622-7990,"225 Silver St, Manchester NH 03103",Yes,Queue
Extreme Make Over Handyman,Salem,NH,Handyman,(603) 818-7797,"168 Windham Rd, Pelham NH 03076",Yes,Queue
Joe Grzasko Landscaping,Salem,NH,Landscaping,(603) 898-8359,Salem NH,No,Queue
CES Auto Repair,Salem,NH,Auto Repair,(603) 894-4883,"257 Main St, Salem NH 03079",Yes,Queue
Kelly Rd Auto Repair,Salem,NH,Auto Repair,(603) 890-8909,"8 Pumping Station Rd, Salem NH 03079",Yes,Queue
Don Silva's Auto Repair,Salem,NH,Auto Repair,(603) 898-8188,"6 N Main St, Salem NH 03079",Yes,Queue
Acadian Handyman Services,Derry,NH,Handyman,(978) 221-9915,"5 Tsienneto Rd, Derry NH 03038",Yes,Queue
Handyman L.A.M. LLC,Derry,NH,Handyman,(978) 476-4112,Derry NH,No,Queue
SNB Remodeling,Hudson,NH,Handyman,(603) 205-2269,"22 River Rd, Hudson NH 03051",Yes,Queue
Handyman 911,Hudson,NH,Handyman,(978) 866-2189,"9 Gabrielle Dr, Hudson NH 03051",Yes,Queue
Automotive Repair Specialists,Hudson,NH,Auto Repair,(603) 880-9494,"185 Lowell Rd, Hudson NH 03051",Yes,Queue
Ray's Repair Services,Hudson,NH,Auto Repair,(603) 889-9584,"12 Gowing Rd, Hudson NH 03051",Yes,Queue
The Andover Handyman,Andover,MA,Handyman,(978) 360-8156,"149 Shawsheen Rd, Andover MA 01810",Yes,Queue
Boston North Handyman,Andover,MA,Handyman,(978) 494-6894,"94 Ballardvale Rd, Andover MA 01810",Yes,Queue
Handyman Services LLC,Andover,MA,Handyman,(978) 807-5053,"104 Blue Ridge Rd, Andover MA",Yes,Queue
Forever Green Landscape,Andover,MA,Landscaping,(978) 475-0003,"114 Tewksbury St, Andover MA 01810",Yes,Queue
Mike's Auto Repair,Andover,MA,Auto Repair,(978) 475-2622,"11 Lupine Rd, Andover MA 01810",Yes,Queue
North Andover Auto Computer,North Andover,MA,Auto Repair,(978) 686-3641,"1615 Osgood St, North Andover MA 01845",Yes,Queue
Professional Auto Repair,Andover,MA,Auto Repair,(978) 475-2566,Andover MA,No,Queue
TJ's Landscaping,Methuen,MA,Landscaping,(978) 738-0692,"59 Old Ferry Rd, Methuen MA 01844",Yes,Queue
Geo Landscaping,Methuen,MA,Landscaping,(781) 469-4622,"115 Center St, Methuen MA 01844",Yes,Queue
Fernandez Automobile Repair,Methuen,MA,Auto Repair,(978) 885-6090,"27 Center St, Methuen MA 01844",Yes,Queue
John's Automobile Repair,Methuen,MA,Auto Repair,(978) 681-0995,"520 Merrimack St, Methuen MA 01844",Yes,Queue
JR's Handyman Services,Haverhill,MA,Handyman,(978) 648-4118,"12 Observatory Ave, Haverhill MA 01832",Yes,Queue
Veteran Handymen,Haverhill,MA,Handyman,(978) 476-8744,"6 Bartlett St, Haverhill MA 01832",Yes,Queue
Roberto's Handyman Services,Haverhill,MA,Handyman,(978) 314-6206,"440 North Ave, Haverhill MA 01830",Yes,Queue
ATG Handyman,Haverhill,MA,Handyman,(978) 476-8671,Haverhill MA,No,Queue
Tim's Tree & Landscaping,Haverhill,MA,Landscaping,(978) 332-3129,"30 Old Ferry Rd, Haverhill MA 01835",Yes,Queue
Advanced Auto Repair,Haverhill,MA,Auto Repair,(978) 374-1612,"168 Old Ferry Rd, Haverhill MA 01830",Yes,Queue
L&V Automotive Repair,Haverhill,MA,Auto Repair,(978) 372-0282,"29 Hilldale Ave, Haverhill MA 01832",Yes,Queue
